{
  "hash": "d2460129",
  "configHash": "5ebbab52",
  "lockfileHash": "65b7d72c",
  "browserHash": "bb8f5092",
  "optimized": {
    "@angular/cdk/bidi": {
      "src": "../../../../../../node_modules/@angular/cdk/fesm2022/bidi.mjs",
      "file": "@angular_cdk_bidi.js",
      "fileHash": "76b016f2",
      "needsInterop": false
    },
    "@angular/cdk/drag-drop": {
      "src": "../../../../../../node_modules/@angular/cdk/fesm2022/drag-drop.mjs",
      "file": "@angular_cdk_drag-drop.js",
      "fileHash": "16343d16",
      "needsInterop": false
    },
    "@angular/cdk/text-field": {
      "src": "../../../../../../node_modules/@angular/cdk/fesm2022/text-field.mjs",
      "file": "@angular_cdk_text-field.js",
      "fileHash": "7b49ac46",
      "needsInterop": false
    },
    "@angular/common": {
      "src": "../../../../../../node_modules/@angular/common/fesm2022/common.mjs",
      "file": "@angular_common.js",
      "fileHash": "519e3a99",
      "needsInterop": false
    },
    "@angular/common/http": {
      "src": "../../../../../../node_modules/@angular/common/fesm2022/http.mjs",
      "file": "@angular_common_http.js",
      "fileHash": "62c87db3",
      "needsInterop": false
    },
    "@angular/core": {
      "src": "../../../../../../node_modules/@angular/core/fesm2022/core.mjs",
      "file": "@angular_core.js",
      "fileHash": "ec435279",
      "needsInterop": false
    },
    "@angular/forms": {
      "src": "../../../../../../node_modules/@angular/forms/fesm2022/forms.mjs",
      "file": "@angular_forms.js",
      "fileHash": "1756552a",
      "needsInterop": false
    },
    "@angular/material/form-field": {
      "src": "../../../../../../node_modules/@angular/material/fesm2022/form-field.mjs",
      "file": "@angular_material_form-field.js",
      "fileHash": "fdaef048",
      "needsInterop": false
    },
    "@angular/material/input": {
      "src": "../../../../../../node_modules/@angular/material/fesm2022/input.mjs",
      "file": "@angular_material_input.js",
      "fileHash": "d4b48d7d",
      "needsInterop": false
    },
    "@angular/material/paginator": {
      "src": "../../../../../../node_modules/@angular/material/fesm2022/paginator.mjs",
      "file": "@angular_material_paginator.js",
      "fileHash": "5a879951",
      "needsInterop": false
    },
    "@angular/material/sort": {
      "src": "../../../../../../node_modules/@angular/material/fesm2022/sort.mjs",
      "file": "@angular_material_sort.js",
      "fileHash": "b4debfac",
      "needsInterop": false
    },
    "@angular/material/table": {
      "src": "../../../../../../node_modules/@angular/material/fesm2022/table.mjs",
      "file": "@angular_material_table.js",
      "fileHash": "aa075cd7",
      "needsInterop": false
    },
    "@angular/platform-browser": {
      "src": "../../../../../../node_modules/@angular/platform-browser/fesm2022/platform-browser.mjs",
      "file": "@angular_platform-browser.js",
      "fileHash": "294cf4a9",
      "needsInterop": false
    },
    "@angular/platform-browser/animations": {
      "src": "../../../../../../node_modules/@angular/platform-browser/fesm2022/animations.mjs",
      "file": "@angular_platform-browser_animations.js",
      "fileHash": "331bc9b4",
      "needsInterop": false
    },
    "@angular/router": {
      "src": "../../../../../../node_modules/@angular/router/fesm2022/router.mjs",
      "file": "@angular_router.js",
      "fileHash": "db02feef",
      "needsInterop": false
    },
    "@fortawesome/angular-fontawesome": {
      "src": "../../../../../../node_modules/@fortawesome/angular-fontawesome/fesm2022/angular-fontawesome.mjs",
      "file": "@fortawesome_angular-fontawesome.js",
      "fileHash": "0f80483e",
      "needsInterop": false
    },
    "@fortawesome/free-solid-svg-icons": {
      "src": "../../../../../../node_modules/@fortawesome/free-solid-svg-icons/index.mjs",
      "file": "@fortawesome_free-solid-svg-icons.js",
      "fileHash": "48da53b3",
      "needsInterop": false
    },
    "@zxing/browser": {
      "src": "../../../../../../node_modules/@zxing/browser/esm/index.js",
      "file": "@zxing_browser.js",
      "fileHash": "c91c14d2",
      "needsInterop": false
    },
    "@zxing/ngx-scanner": {
      "src": "../../../../../../node_modules/@zxing/ngx-scanner/fesm2022/zxing-ngx-scanner.mjs",
      "file": "@zxing_ngx-scanner.js",
      "fileHash": "4002c60a",
      "needsInterop": false
    },
    "file-saver": {
      "src": "../../../../../../node_modules/file-saver/dist/FileSaver.min.js",
      "file": "file-saver.js",
      "fileHash": "c5bd388d",
      "needsInterop": true
    },
    "html2canvas": {
      "src": "../../../../../../node_modules/html2canvas/dist/html2canvas.esm.js",
      "file": "html2canvas.js",
      "fileHash": "77ec023d",
      "needsInterop": false
    },
    "html2pdf.js": {
      "src": "../../../../../../node_modules/html2pdf.js/dist/html2pdf.js",
      "file": "html2pdf__js.js",
      "fileHash": "350c2229",
      "needsInterop": true
    },
    "jspdf": {
      "src": "../../../../../../node_modules/jspdf/dist/jspdf.es.min.js",
      "file": "jspdf.js",
      "fileHash": "cec268cc",
      "needsInterop": false
    },
    "ng-circle-progress": {
      "src": "../../../../../../node_modules/ng-circle-progress/fesm2020/ng-circle-progress.mjs",
      "file": "ng-circle-progress.js",
      "fileHash": "8b99c295",
      "needsInterop": false
    },
    "ng2-charts": {
      "src": "../../../../../../node_modules/ng2-charts/fesm2022/ng2-charts.mjs",
      "file": "ng2-charts.js",
      "fileHash": "566e349f",
      "needsInterop": false
    },
    "primeng/api": {
      "src": "../../../../../../node_modules/primeng/fesm2020/primeng-api.mjs",
      "file": "primeng_api.js",
      "fileHash": "ff0c5432",
      "needsInterop": false
    },
    "primeng/button": {
      "src": "../../../../../../node_modules/primeng/fesm2020/primeng-button.mjs",
      "file": "primeng_button.js",
      "fileHash": "52ad634c",
      "needsInterop": false
    },
    "primeng/calendar": {
      "src": "../../../../../../node_modules/primeng/fesm2020/primeng-calendar.mjs",
      "file": "primeng_calendar.js",
      "fileHash": "af9f576e",
      "needsInterop": false
    },
    "primeng/dialog": {
      "src": "../../../../../../node_modules/primeng/fesm2020/primeng-dialog.mjs",
      "file": "primeng_dialog.js",
      "fileHash": "468b66ec",
      "needsInterop": false
    },
    "primeng/dropdown": {
      "src": "../../../../../../node_modules/primeng/fesm2020/primeng-dropdown.mjs",
      "file": "primeng_dropdown.js",
      "fileHash": "9a669949",
      "needsInterop": false
    },
    "primeng/inputtext": {
      "src": "../../../../../../node_modules/primeng/fesm2020/primeng-inputtext.mjs",
      "file": "primeng_inputtext.js",
      "fileHash": "0d5db5fc",
      "needsInterop": false
    },
    "primeng/overlay": {
      "src": "../../../../../../node_modules/primeng/fesm2020/primeng-overlay.mjs",
      "file": "primeng_overlay.js",
      "fileHash": "b31695c3",
      "needsInterop": false
    },
    "primeng/overlaypanel": {
      "src": "../../../../../../node_modules/primeng/fesm2020/primeng-overlaypanel.mjs",
      "file": "primeng_overlaypanel.js",
      "fileHash": "34984e9a",
      "needsInterop": false
    },
    "primeng/scroller": {
      "src": "../../../../../../node_modules/primeng/fesm2020/primeng-scroller.mjs",
      "file": "primeng_scroller.js",
      "fileHash": "1f87bed2",
      "needsInterop": false
    },
    "primeng/table": {
      "src": "../../../../../../node_modules/primeng/fesm2020/primeng-table.mjs",
      "file": "primeng_table.js",
      "fileHash": "c15e5088",
      "needsInterop": false
    },
    "primeng/tabview": {
      "src": "../../../../../../node_modules/primeng/fesm2020/primeng-tabview.mjs",
      "file": "primeng_tabview.js",
      "fileHash": "7f09703b",
      "needsInterop": false
    },
    "rxjs": {
      "src": "../../../../../../node_modules/rxjs/dist/esm5/index.js",
      "file": "rxjs.js",
      "fileHash": "a7945036",
      "needsInterop": false
    },
    "rxjs/operators": {
      "src": "../../../../../../node_modules/rxjs/dist/esm5/operators/index.js",
      "file": "rxjs_operators.js",
      "fileHash": "41c5fd30",
      "needsInterop": false
    },
    "sweetalert2": {
      "src": "../../../../../../node_modules/sweetalert2/dist/sweetalert2.esm.all.js",
      "file": "sweetalert2.js",
      "fileHash": "d3b32c91",
      "needsInterop": false
    },
    "xlsx": {
      "src": "../../../../../../node_modules/xlsx/xlsx.mjs",
      "file": "xlsx.js",
      "fileHash": "038a4399",
      "needsInterop": false
    },
    "zone.js": {
      "src": "../../../../../../node_modules/zone.js/fesm2015/zone.js",
      "file": "zone__js.js",
      "fileHash": "2f52eaf6",
      "needsInterop": true
    }
  },
  "chunks": {
    "purify.es-5JQOSLAG": {
      "file": "purify__es-5JQOSLAG.js"
    },
    "index.es-GSRJOPLB": {
      "file": "index__es-GSRJOPLB.js"
    },
    "chunk-2GC4OEJE": {
      "file": "chunk-2GC4OEJE.js"
    },
    "chunk-BIB45AFK": {
      "file": "chunk-BIB45AFK.js"
    },
    "chunk-NAO4XY3Z": {
      "file": "chunk-NAO4XY3Z.js"
    },
    "chunk-BXUZC2MX": {
      "file": "chunk-BXUZC2MX.js"
    },
    "chunk-NNRSFUYP": {
      "file": "chunk-NNRSFUYP.js"
    },
    "chunk-LW7RFATB": {
      "file": "chunk-LW7RFATB.js"
    },
    "chunk-FFVTYR6R": {
      "file": "chunk-FFVTYR6R.js"
    },
    "chunk-BUSBWWAQ": {
      "file": "chunk-BUSBWWAQ.js"
    },
    "chunk-VWMT642Z": {
      "file": "chunk-VWMT642Z.js"
    },
    "chunk-ZAR2QEO4": {
      "file": "chunk-ZAR2QEO4.js"
    },
    "chunk-4NPYOGE7": {
      "file": "chunk-4NPYOGE7.js"
    },
    "chunk-SEWF56R5": {
      "file": "chunk-SEWF56R5.js"
    },
    "chunk-L5HYMDEE": {
      "file": "chunk-L5HYMDEE.js"
    },
    "chunk-2H62PJ5W": {
      "file": "chunk-2H62PJ5W.js"
    },
    "chunk-B4ZEPMIV": {
      "file": "chunk-B4ZEPMIV.js"
    },
    "chunk-UK2D2ZKU": {
      "file": "chunk-UK2D2ZKU.js"
    },
    "chunk-P22QKQUH": {
      "file": "chunk-P22QKQUH.js"
    },
    "chunk-PNGFZJMY": {
      "file": "chunk-PNGFZJMY.js"
    },
    "chunk-K6XLHH7C": {
      "file": "chunk-K6XLHH7C.js"
    },
    "chunk-GVTJHH7S": {
      "file": "chunk-GVTJHH7S.js"
    },
    "chunk-LK6ZSKEK": {
      "file": "chunk-LK6ZSKEK.js"
    },
    "chunk-3H3TLEVI": {
      "file": "chunk-3H3TLEVI.js"
    },
    "chunk-GNEHUOLS": {
      "file": "chunk-GNEHUOLS.js"
    },
    "chunk-KIRCBQ4S": {
      "file": "chunk-KIRCBQ4S.js"
    },
    "chunk-EUKIZKG3": {
      "file": "chunk-EUKIZKG3.js"
    },
    "chunk-MDLDKGVC": {
      "file": "chunk-MDLDKGVC.js"
    },
    "chunk-TFGS5FPL": {
      "file": "chunk-TFGS5FPL.js"
    },
    "chunk-FRJVZ4R2": {
      "file": "chunk-FRJVZ4R2.js"
    },
    "chunk-O62Q43YQ": {
      "file": "chunk-O62Q43YQ.js"
    },
    "chunk-DHQQV5LO": {
      "file": "chunk-DHQQV5LO.js"
    },
    "chunk-LL6VHEEF": {
      "file": "chunk-LL6VHEEF.js"
    },
    "chunk-KAPXTIMC": {
      "file": "chunk-KAPXTIMC.js"
    },
    "chunk-WQSXY3I4": {
      "file": "chunk-WQSXY3I4.js"
    },
    "chunk-EOFW2REK": {
      "file": "chunk-EOFW2REK.js"
    },
    "chunk-XIKUX33F": {
      "file": "chunk-XIKUX33F.js"
    },
    "chunk-AOUDOZCA": {
      "file": "chunk-AOUDOZCA.js"
    },
    "chunk-PLZ7D4ID": {
      "file": "chunk-PLZ7D4ID.js"
    },
    "chunk-PPMCYMLL": {
      "file": "chunk-PPMCYMLL.js"
    },
    "chunk-OPGNYZHR": {
      "file": "chunk-OPGNYZHR.js"
    },
    "chunk-AVRDM5E4": {
      "file": "chunk-AVRDM5E4.js"
    },
    "chunk-G6ECYYJH": {
      "file": "chunk-G6ECYYJH.js"
    },
    "chunk-YVXMBCE5": {
      "file": "chunk-YVXMBCE5.js"
    },
    "chunk-RTGP7ALM": {
      "file": "chunk-RTGP7ALM.js"
    },
    "chunk-S35DAJRX": {
      "file": "chunk-S35DAJRX.js"
    }
  }
}